"Reference","Qty","Value","DNP","Exclude from BOM","Exclude from Board","Footprint","Datasheet"
"C1","1","2.2uF","","","","Capacitor_SMD:C_0603_1608Metric_Pad1.08x0.95mm_HandSolder","https://www.digikey.com/en/products/detail/kyocera-avx/TCM1A225M8R/1209641"
"C2","1","20uF","","","","Capacitor_SMD:C_0603_1608Metric_Pad1.08x0.95mm_HandSolder","https://www.digikey.com/en/products/detail/kyocera-avx/TCM0J226M8R-V1/21298099"
"C3","1","0.01uF","","","","Capacitor_SMD:C_0603_1608Metric_Pad1.08x0.95mm_HandSolder","https://www.digikey.com/en/products/detail/pulse-electronics/CX0603MRX7R9BB103/1219070?s=N4IgjCBcoCwGxVAYygMwIYBsDOBTANCAPZQDaIA7ABwBMAnCALqEAOALlCAMpsBOAlgDsA5iAC%2BhGgAYYDaCHacAqoP5sA8qgCyudNgCuvXCEL7OAVoBiJkAFshnKQDopEQrfQAPRy4hj-QA"
"J1","1","Conn_01x08_Pin","","","","Connector_PinHeader_2.54mm:PinHeader_1x08_P2.54mm_Vertical","~"
"J2","1","Conn_01x07_Pin","","","","Connector_PinHeader_2.54mm:PinHeader_1x07_P2.54mm_Vertical","~"
"Q1,Q2","2","2N3904","","","","Package_TO_SOT_THT:TO-92_HandSolder","https://ngspice.sourceforge.io/docs/ngspice-html-manual/manual.xhtml#cha_BJTs"
"R1","1","33k","","","","Resistor_SMD:R_0603_1608Metric_Pad0.98x0.95mm_HandSolder","https://www.digikey.com/en/products/detail/vishay-dale/RCS060333K0FKEA/5868646"
"R2","1","1k","","","","Resistor_SMD:R_0603_1608Metric_Pad0.98x0.95mm_HandSolder","https://www.digikey.com/en/products/detail/vishay-dale/RCS06031K00FKEA/5866934"
"R3","1","100k","","","","Resistor_SMD:R_0603_1608Metric_Pad0.98x0.95mm_HandSolder","https://www.digikey.com/en/products/detail/vishay-dale/RCS0603100KFKEA/5866946"
